{"cameraMode":{"drawMode":0,"name":"Shaded","section":"Shading Mode"},"sceneLighting":false,"audioPlay":false,"sceneViewState":{"m_AlwaysRefresh":false,"showFog":true,"showSkybox":false,"showFlares":true,"showImageEffects":true,"showParticleSystems":true,"showVisualEffectGraphs":true,"m_FxEnabled":true},"in2DMode":false,"pivot":{"x":1.1920928955078126e-7,"y":0.6249999403953552,"z":1.043081283569336e-7},"rotation":{"x":-0.02881552278995514,"y":0.13098248839378358,"z":-0.0028628234285861255,"w":0.991438090801239},"size":1.4031217098236085,"orthographic":false}